{"commune_dep_974":"static\/data_sample\/topo\/commune_D974_2016_2-2.topojson","communes_reg_94":"static\/data_sample\/topo\/communes_REG_94_2016_2-2.topojson","departements_2016_2-2":"static\/data_sample\/topo\/departements_2016_2-2.topojson","nuts2-2013-data":"static\/data_sample\/topo\/nuts2-2013-data.topojson","tissot":"static\/data_sample\/topo\/tissot.topojson","communes_reg_84":"static\/data_sample\/topo\/communes_REG_84_2016_2-2.topojson","communes_reg_93":"static\/data_sample\/topo\/communes_REG_93_2016_2-2.topojson","twincities":"static\/data_sample\/topo\/twincities.csv","martinique":"static\/data_sample\/topo\/martinique.topojson","world_cities":"static\/data_sample\/topo\/world_cities_extract5000.topojson","regions_2016_2-2":"static\/data_sample\/topo\/regions_2016_2-2.topojson","nuts2":"static\/data_sample\/topo\/nuts2.topojson","world_countries_data":"static\/data_sample\/topo\/country.topojson","commune_dep_971":"static\/data_sample\/topo\/commune_D971_2016_2-2.topojson","communes_reg_76":"static\/data_sample\/topo\/communes_REG_76_2016_2-2.topojson","communes_reg_24":"static\/data_sample\/topo\/communes_REG_24_2016_2-2.topojson","world_country":"static\/data_sample\/topo\/World.topojson","nuts0":"static\/data_sample\/topo\/nuts0.topojson","GrandParisMunicipalities":"static\/data_sample\/topo\/GrandParisMunicipalities.topojson","nuts1":"static\/data_sample\/topo\/nuts1.topojson","france_contour_2016_2-2":"static\/data_sample\/topo\/france_contour_2016_2-2.topojson","voronoi_communes_2016_2-2":"static\/data_sample\/topo\/voronoi_communes_2016_2-2_id.topojson","communes_reg_44":"static\/data_sample\/topo\/communes_REG_44_2016_2-2.topojson","communes_reg_11":"static\/data_sample\/topo\/communes_REG_11_2016_2-2.topojson","commune_dep_973":"static\/data_sample\/topo\/commune_D973_2016_2-2.topojson","communes_reg_32":"static\/data_sample\/topo\/communes_REG_32_2016_2-2.topojson","paris_quartiers":"static\/data_sample\/topo\/quartier_paris.topojson","communes_reg_27":"static\/data_sample\/topo\/communes_REG_27_2016_2-2.topojson","communes_reg_75":"static\/data_sample\/topo\/communes_REG_75_2016_2-2.topojson","communes_reg_53":"static\/data_sample\/topo\/communes_REG_53_2016_2-2.topojson","commune_dep_972":"static\/data_sample\/topo\/commune_D972_2016_2-2.topojson","brazil":"static\/data_sample\/topo\/brazil.topojson","commune_dep_976":"static\/data_sample\/topo\/commune_D976_2016_2-2.topojson","communes_reg_52":"static\/data_sample\/topo\/communes_REG_52_2016_2-2.topojson","communes_reg_28":"static\/data_sample\/topo\/communes_REG_28_2016_2-2.topojson","departements_vor_2016_2-2":"static\/data_sample\/topo\/departements_vor_2016_2-2.topojson","quartier_paris":"static\/data_sample\/topo\/quartier_paris_pop.topojson"}
